h,name
/web/xxk/ldxqById.tag?CNNVD=CNNVD-201807-1581,"
                               		  Wireshark MMSE解析器安全漏洞"
/web/xxk/ldxqById.tag?CNNVD=CNNVD-201807-1580,"
                               		  Wireshark解析器安全漏洞"
/web/xxk/ldxqById.tag?CNNVD=CNNVD-201807-1579,"
                               		  Wireshark DICOM解析器安全漏洞"
/web/xxk/ldxqById.tag?CNNVD=CNNVD-201807-1578,"
                               		  Wireshark DICOM解析器安全漏洞"
/web/xxk/ldxqById.tag?CNNVD=CNNVD-201807-1577,"
                               		  Wireshark ASN.1 BER解析器安全漏洞"
/web/xxk/ldxqById.tag?CNNVD=CNNVD-201807-1576,"
                               		  Wireshark ISMP解析器安全漏洞"
/web/xxk/ldxqById.tag?CNNVD=CNNVD-201807-1575,"
                               		  Wireshark CoAP protocol解析器安全漏洞"
/web/xxk/ldxqById.tag?CNNVD=CNNVD-201807-1574,"
                               		  Wireshark Bazaar protocol解析器安全漏洞"
/web/xxk/ldxqById.tag?CNNVD=CNNVD-201807-1573,"
                               		  Wireshark HTTP2解析器安全漏洞"
/web/xxk/ldxqById.tag?CNNVD=CNNVD-201807-1572,"
                               		  Wireshark IEEE 802.11 protocol解析器安全漏洞"
